"number","is_currently_available","name","brewer","brewer_location","specific_style","general_style","alcohol_by_volume","ibu","colour","remaining","description","price"
52,true,"Golden Hour","Atmosphere Cider Company","Vancouver, British Columbia","Cider","Ciders And Gluten Free",5.4,0,"#f9e97a",46.35,"A refreshing dry cider with a luminous straw-gold hue. Its aroma evokes fresh apple skins, subtly intertwined with notes of cinnamon and vanilla, though no spices were added during its creation. Clean bright taste with refreshing tartness perfectly balanced by a touch of sweetness. Perfect for any occasion.",9.75
57,true,"Reverie Hazy Pale Ale","Bomber Brewing","East Vancouver, British Columbia","Pale Ale","Pale Ales and IPAs",5.0,25,"#F0C030",30.13,"With bright tropical fruit on the palate and a fluffy, pillowy body, Reverie is sure to keep your head in the clouds dreaming of summer.",8.75
35,true,"Baja Blast - Tropical Lime Sour ","La Cerveceria Astilleros","North Vancouver, British Columbia","Sour Ale","Lambics and Sours",5.0,2,"#2BFDDA",18.11,"A tropical smoothie style sour inspired by a certain fast food taco spot’s exclusive soft drink flavour. Baja Blast. Brewed with additions of lime, coconut, pineapple, lemona, and our secret ingredient Blue Spuralina.",8.75
16,true,"Salted Lime Lager","La Cerveceria Astilleros","North Vancouver, British Columbia","Lager","Lagers and Pilsners",4.6,10,"#F0C030",77.94,"A light, latin american cerveza type beer with a modern twist. This is a crisp, clean lager made with Mexican limes and world-renowned salt sourced from El Valle Salado.",8.75
53,true,"Merri Berri","Merridale Ciderworks","Cobble Hill, British Columbia","Cider","Ciders And Gluten Free",6.0,0,"#EC9DC7",7.97,"A refreshing blend of local apples fermented slowly, then blended with BC black currant, cherry and raspberry juices. Sweet, but balanced with acidity and mild tannins from the black currant and raspberry. Great as a summertime favourite on the patio, at music festivals, or even on colder days when you need a little taste of summer. ",10.25
41,true,"Agave Maria - Tequila Shandy Sour","Parallel 49 Brewing Company","East Vancouver, British Columbia","Sour Ale","Lambics and Sours",5.7,6,"#F0EFB5",80.85,"Crafted with real tequila, zesty lime, and a touch of sea salt, our Tequila Shandy Sour Ale offers a unique experience. The fragrant tequila aroma and refreshing lime zest blend seamlessly with a moderate, balanced sourness and a subtle salinity, creating the perfect summery, cocktail-inspired sour ale.",8.75
37,true,"Ancient Grains West African Coast Session Ale","Parallel 49 Brewing Company","East Vancouver, British Columbia","India Session Ale","Pale Ales and IPAs",5.0,30,"#E1C336",66.67,"Brewed in collaboration with Country Malt Group to celebrate the World Cup, this hoppy session ale features the unique addition of fonio, an ancient African grain that lends distinctive tropical fruit notes. Idaho 7, Mosaic and Sabro hops contribute refined aromas of white wine, lychee, gooseberry and cataloupe, balanced by a subtle creamy character. It offers a soft, pillowy mouthfeel and a clean, refreshing bitterness- a versatile and sessionable brew.",8.75
12,true,"Bierfest German Pilsner","Parallel 49 Brewing Company","East Vancouver, British Columbia","Lager","Lagers and Pilsners",4.8,5,"#F09000",53.32,"Refreshingly floral, citrusy, and minty hop aroma and flavour from German Hallertau Mittelfrueh, and Saphir hops. Rich et light, crisp grainy, malt character from German and Canadian Pilsner malt. Thirst quenching,",8.75
58,true,"Bierfest Hefeweizen","Parallel 49 Brewing Company","East Vancouver, British Columbia","Hefeweizen","Wheat Beers",5.2,20,"#F0C030",5.78,"Unfiltered hazy German wheat ale. Light banana ester and clove phenol from a German wheat ale yeast. Bready, doughy wheat malt flavour with chewy, creamy mouthfeel. ",8.75
15,true,"Bierfest Schwarzbier","Parallel 49 Brewing Company","East Vancouver, British Columbia","Lager","Lagers and Pilsners",4.9,10,"#F09000",80.74,"A dry dark German lager with restraint roastiness. Moderate date chocolate notes on the crisp bready malt backbone. Light floral hop notes. Medium-high bitterness. Dry, very clean finsih. Surprisingly easy drinking for it's dark appearance.",8.75
43,true,"Cloud Breaker - Pineapple Coconut Sour ","Parallel 49 Brewing Company","East Vancouver, British Columbia","Sour Ale","Lambics and Sours",4.9,6,"#F4C61F",5.72,"This refreshing sour ale was brewed with real pineapple and coconut to capture the essence of a classic piña colada. The beer opens with a vibrant, tropical aroma that leads into a light, clean sourness, making it incredibly quaffable. Perfectly balanced and dangerously easy drinking, this brew is the ultimate companion for sun-drenched afternoons and warm-weather gatherings.",8.75
44,true,"Craft IPA","Parallel 49 Brewing Company","East Vancouver, British Columbia","India Pale Ale","Pale Ales and IPAs",6.5,47,"#cd7e04",1.05,"An easy-drinking West Coast IPA. Aroma and flavour of passionfruit, blueberry, gooseberry, and grapefruit. Firm pleasant bitterness. Grainy malt with a slight hint of toffee and sweetness. Light body and clean dry finish.",8.75
19,true,"Craft Lager","Parallel 49 Brewing Company","East Vancouver, British Columbia","Lager","Lagers and Pilsners",5.0,5,"#F09000",18.14,"A light, clean lager with a hint of malt and subtle hop flavour. An iconic East Van beer. Clean, crisp and refreshing. A pale lager brewed with all malted barley and local Sterling hops grown at Sartori Cedar Ranch in Chilliwack, BC. Fermented cool using a traditional German lager yeast.",8.75
18,true,"Craft Lager Light","Parallel 49 Brewing Company","East Vancouver, British Columbia","Lager","Lagers and Pilsners",4.0,0,"#F09000",0.0,"A “light” version of P49’s Craft Lager…Clean, light-bodied, very refreshing and thirst-quenching pale lager. Low on both malt and hop flavour but not as flavourless as the ""light"" beers from macro breweries",8.75
26,true,"Craft Pilsner","Parallel 49 Brewing Company","East Vancouver, British Columbia","Pilsner","Lagers and Pilsners",5.0,33,"#FAC937",86.24,"Inspired by the traditional Czech Pilsner style,this beer is crisp and refreshing with a rich and complex bready maltiness complimented by the slightly spicy and floral hop character.",8.75
23,true,"Crimson Crush Watermelon Raspberry Sour","Parallel 49 Brewing Company","East Vancouver, British Columbia","Sour Ale","Lambics and Sours",4.9,6,"#E15677",82.18,"This easy-drinking and refreshing Raspberry Watermelon Sour Wheat Ale offers a fragrant, upfront raspberry aroma leading into a refreshing and soothing watermelon aftertaste. The sourness is light, making it exceptionally approachable, and it pours a beautiful pale crimson colour with a light haze.",8.75
45,true,"Disco Freezer Cold Pale Ale ","Parallel 49 Brewing Company","East Vancouver, British Columbia","Pale Ale","Pale Ales and IPAs",4.9,33,"#E9D76C",59.31,"A cold pale and hoppy ale brewed with lager yeast to achieve the clean, crisp, refreshing character of a lager combined with the substantial flavor of a pale ale. It is brewed with Red Shed Malt’s Penhold Pilsner malt and a blend of Krush, Mosaic, and Nelson Sauvin hops, which deliver notes of passionfruit, white grape, grapefruit, and a hint of berries. This brew features a light, grainy malt profile, a medium-high bitterness, and a crisp, dry finish.",8.75
59,true,"Filthy Dirty West Coast IPA","Parallel 49 Brewing Company","East Vancouver, British Columbia","India Pale Ale","Pale Ales and IPAs",7.2,66,"#F0A830",49.87," A west coast IPA with a ton of hop flavour and aroma.
 Subtle sweet malt flavour backs up the huge amount of orange,
 grapefruit, pine and floral aromas this beer expels.",8.75
54,true,"Ginja Turtles","Parallel 49 Brewing Company","East Vancouver, British Columbia","Sour Ale","Lambics and Sours",3.8,6,"#F0C030",96.32,"This easy-drinking sour ale features a refreshing blend of earthy ginger and zesty lime. It offers a clean, moderate sourness reminiscent of ginger limeade, complemented by an inviting citrus aroma and a subtle ginger-induced tingling on the palate.",8.75
47,true,"Jerkface 9000 Northwest Wheat Ale","Parallel 49 Brewing Company","East Vancouver, British Columbia","Wheat Ale","Wheat Beers",5.0,35,"#FAC937",0.0,"An easy drinking American wheat ale dry hopped with Mosaic Hops. Juicy citrus, tropical, and floral hop notes sit atop a light grainy malt base giving the beer and very flavourful hop punch with a light refreshing body.",8.25
30,true,"Kiwi Cooler - New Zealand Wheat IPA","Parallel 49 Brewing Company","East Vancouver, British Columbia","Seasonal","Seasonal Taps",5.9,67,"#E9D76C",16.62,"This wheat IPA was brewed in collaboration with Country Malt Group to celebrate the World Cup featuring New Zealand hops, Nelson Sauvin and Motueka. It boasts a huge fruit notes of kiwi, lychee, white grape, and guava, balanced by a soft, velvety, and chewy mouthfeel derived from a large portion of wheat. A firm bitterness ensures for a crisp finish.",8.75
21,true,"Lime Lager","Parallel 49 Brewing Company","East Vancouver, British Columbia","Lager","Lagers and Pilsners",4.5,18,"#f2cc8f",0.0,"A crisp, and refreshing Mexican-style lager.",8.75
49,true,"Limitless GF Lager","Parallel 49 Brewing Company","East Vancouver, British Columbia","Cider","Ciders And Gluten Free",5.0,18,"#ecaa3c",57.91,"A gluten-free lager brewed without using gluten-containing ingredients. Delicate herbal and spicy German Perle hop character.",8.75
29,true,"Lost Souls Chocolate Pumpkin Porter","Parallel 49 Brewing Company","East Vancouver, British Columbia","Porter","Stouts and Porters",6.5,40,"#000000",28.19,"All treat, no trick: this rich, robust Chocolate Pumpkin Porter is so good, even the living dead will indulge.",8.75
42,true,"Micro-Dose","Parallel 49 Brewing Company","East Vancouver, British Columbia","Blonde Ale","Pale Ales and IPAs",3.0,16,"#F5DF86",8.67,"An ultimate sessionable blond ale, meticulously crafted to offer refreshing flavor without the full commitment ",8.75
8,true,"N2 Craft Stout","Parallel 49 Brewing Company","East Vancouver, British Columbia","Stout","Stouts and Porters",4.6,28,"#000000",74.64,"A dry Caribbean style stout with rich coffee and chocolate notes. Beautiful cascade and smooth velvety mouthfeel from the nitro.",8.75
4,true,"Old Boy Classic Ale","Parallel 49 Brewing Company","East Vancouver, British Columbia","Brown Ale","Brown, Amber and Cream Ales",5.0,40,"#301800",0.0,"Rich malt flavours of caramel, toffee and light chocolate. This ale is an ode to the pub beers of England. Well balanced flavours of malts and hops make this beer a classic.",8.75
48,true,"Penny Farthing - English Mild","Parallel 49 Brewing Company","East Vancouver, British Columbia","English Mild","Brown, Amber and Cream Ales",4.1,15,"#510C11",0.0,"This English dark mild ale was brewed in collaboration with Country Malt Group to celebrate the World Cup. It features notes of hazelnuts and dark toast with a hint of brown sugar and raisin. Light and dry with a moderate bitterness, it is a highly crushable yet malty and flavorful ale long celebrated in British pub culture.",8.75
46,true,"Pink Power Sour","Parallel 49 Brewing Company","East Vancouver, British Columbia","Sour Ale","Lambics and Sours",5.1,5,"#fd6d4d",55.09,"Vibrant and empowering Tropical Hibiscus POG(passionfruit, orange, guava).",8.75
36,true,"Rad-Berry Turbo Raspberry Lemonade Radler","Parallel 49 Brewing Company","East Vancouver, British Columbia","Seasonal","Seasonal Taps",7.0,11,"#9E3D7B",38.54,"Rad-Berry Turbo is a high-octane take on the classic summer refresher, clocking in at a 7.0% ABV. This extra-strong raspberry lemon radler opens with an aromatic burst of sun-ripened berries and sharp, zesty citrus. Built on a crisp, clean high-gravity lager base, it delivers an immediate wave of juicy raspberry sweetness that is expertly balanced by the refreshing, tart tang of lemonade.",8.75
34,true,"Red Sled Citra Amber Lager","Parallel 49 Brewing Company","East Vancouver, British Columbia","Lager","Lagers and Pilsners",4.8,17,"#D86000",39.49,"This clean, easy-drinking amber lager has a light yet rich grainy malt with a hint of biscuit and nuttiness. A moderately low bitterness provides balance, with a delicate citrus and herbal aroma from the restrained use of Citra hop. Its inviting light amber color makes it an ideal companion for the colder season.",8.75
55,true,"Space Kitty","Parallel 49 Brewing Company","East Vancouver, British Columbia","India Pale Ale","Pale Ales and IPAs",5.0,40,"#F09000",90.46,"Hoppy, sessionable juicy IPA. Hop aroma of pineappple, mango, peach, pear, and lime from Mosaic, Amarillo and Citra Cryo dryhop. Light crisp grainy malt flavour. Light ceamy mouthfeel from oats and wheat. Quite hazy but not too thick. Great combination of juicy, hoppy, and sessionable.
",8.75
13,true,"Trash Panda Northeast Hazy IPA","Parallel 49 Brewing Company","East Vancouver, British Columbia","India Pale Ale","Pale Ales and IPAs",5.5,37,"#F09000",5.59,"Trash Panda uses huge amounts of dry hopping, giving this beer complex notes of melon, tropical fruit and pear. Its hop and malt varieties leave a visible haziness and smooth, juicy mouth feel. ",8.75
38,true,"Tricycle Grapefruit Radler","Parallel 49 Brewing Company","East Vancouver, British Columbia","Seasonal","Seasonal Taps",3.5,11,"#F79400",11.29,"A classic German summer thirst-quenching mix of Bavarian lager and fresh grapefruit juice.",8.75
20,true,"Ultraviolet Underground - Blueberry Lavender Sour","Parallel 49 Brewing Company","East Vancouver, British Columbia","Sour Ale","Lambics and Sours",5.4,6,"#5f3292",85.58,"A unique Sour Ale brewed with real culinary lavender flowers and blueberries, this beer presents a fragrant and perfectly balanced fresh lavender aroma. The palate reveals a light blueberry flavor, finishing with a subtle hint of blueberry skin polyphenol, all contained within a striking deep purple colour.",8.75
6,true,"What's in Shed? - Tool Shed collab","Parallel 49 Brewing Company","East Vancouver, British Columbia","India Pale Ale","Pale Ales and IPAs",4.9,17,"#F8DD74",0.0," This unique Session IPA, brewed in collaboration with Tool Shed Brewing in Calgary, is a testament to fresh flavor, featuring the innovative Cryo Fresh Krush hops from Yakima Chief Hops. By using this concentrated, unkilned pellet hops made from harvest-fresh whole-cone hops, we've captured an incredibly vivid and intense aroma, bursting with notes of freshly-squeezed red grapefruit, exotic yuzu, guava, passionfruit, and a hint of gooseberry. Delivering assertive bitterness that quickly yields to a refreshingly dry finish, leaving behind a delightful and long-lasting tropical fruit aftertaste. ",8.75
50,true,"The Hoff Hefeweizen","Rewind Beer Co.","Port Moody, British Columbia","Hefeweizen","Wheat Beers",5.6,11,"#E9D76C",6.05,"Cloudy. Golden. Unreasonably good-looking. Loaded with banana and clove notes, topped with a fluffy head, and ready for it's slow-motion beach run into your weekend.",8.75
32,true,"House Hazy IPA","St. Augustine's","Vancouver, British Columbia","India Pale Ale","Pale Ales and IPAs",5.0,15,"#B5A502",5.48,"St Augustines Hazy IPA",8.25
27,true,"House Lager","St. Augustine's","Vancouver, British Columbia","Lager","Lagers and Pilsners",5.0,18,"#F0D830",13.39,"Bavarian-style craft lager by Parallel 49.",8.25
33,true,"House Pale Ale","St. Augustine's","Vancouver, British Columbia","Pale Ale","Pale Ales and IPAs",5.0,40,"#F0C030",87.5,"A true balance of malt and hops that showcase the bready,caramel flavours of malted barley and the citrus, stone-fruit aromas of hops grown in the Pacific Northwest. Refreshingly drinkable and full of flavour.",8.25
22,true,"Pumpkin Ale","Steamworks","Vancouver, British Columbia","Seasonal","Seasonal Taps",6.5,25,"#94461C",74.69,"This malt forward ale is brewed with hundreds of pounds of pumpkin and punched up with a proprietary blend of seasonal baking spices. It has a pie crust like backbone but doesn't finish overly sweet.",8.75
40,true,"Colour & Shape","Superflux Beer Co.","Vancouver, British Columbia","India Pale Ale","Pale Ales and IPAs",6.8,40,"#F79400",67.82,"This is the kind of IPA we dream about. Unfiltered so nothing of the greatness gets lost. It is soft, with lots of tropical fruit notes and a touch of herbal quality. Incredibly drinkable and super delicious.",8.75
28,true,"Easy Tiger","Superflux Beer Co.","Vancouver, British Columbia","Pale Ale","Pale Ales and IPAs",4.5,40,"#F09000",55.88,"A wheat-based pale ale, our little hoppy beer is moderately dry-hopped with a blend of American and Australian hops. Pours a hazy, pale orange colour with bright carbonation. Delicate on the palate, we get citrus/orange zest, guava, fresh cut grass and a dry, yet soft finish.
",8.75
10,true,"Premium Rice Lager","Superflux Beer Co.","Vancouver, British Columbia","Lager","Lagers and Pilsners",5.0,10,"#F0C030",40.5,"Extra light, dry, and refreshing, this lager has little floral and lemon notes from the hops combined with smoothness from the rice.",8.75
7,true,"Tilt-A-Whirl","The Parkside Brewery","Port Moody, British Columbia","Seasonal","Seasonal Taps",6.0,12,"#EDC053",40.8,"Time to kick down the gates of the summer fair early becuase this ride is ready for action. Tilt-A-Whirl begins with bold spins of pineapple on the palate, twirls of showcase it's creamy soft-serve body and eventually slows to reveal a lightly-sweet vanilla finish.",8.75
